--   -------------------------------------------------- 
--   Generated by Enterprise Architect Version 8.0.858
--   Created On : 星期三, 19 十一月, 2014 
--   DBMS       : Oracle 
--   -------------------------------------------------- 



--  Drop Tables, Stored Procedures and Views 

DROP TABLE S_CODE CASCADE CONSTRAINTS
;
DROP TABLE S_DB CASCADE CONSTRAINTS
;
DROP TABLE S_DEPARTMENT CASCADE CONSTRAINTS
;
DROP TABLE S_DEPARTMENT_ADMIN CASCADE CONSTRAINTS
;
DROP TABLE S_FILE CASCADE CONSTRAINTS
;
DROP TABLE S_FUNCTION CASCADE CONSTRAINTS
;
DROP TABLE S_LOG CASCADE CONSTRAINTS
;
DROP TABLE S_POINTER CASCADE CONSTRAINTS
;
DROP TABLE S_ROLE CASCADE CONSTRAINTS
;
DROP TABLE S_ROLE_FUNC CASCADE CONSTRAINTS
;
DROP TABLE S_ROLE_USER CASCADE CONSTRAINTS
;
DROP TABLE S_USER_CORE CASCADE CONSTRAINTS
;


--  Create Tables 
CREATE TABLE S_CODE
(
	ID         VARCHAR2(36) NOT NULL,
	SXH        NUMBER(16) NOT NULL,    --  顺序号 
	NAME       VARCHAR2(50) NOT NULL,    --  代码名称 
	CODE_ID    VARCHAR2(100) NOT NULL,    --  对应国家代码ID，此代码被业务引用，必须唯一 
	CODE_TYPE  NUMBER(3) NOT NULL,    --  代码类型：0_代码表，1_代码项 
	PARENT_ID  VARCHAR2(36) NOT NULL,    --  上级ID 
	CODE_SEC   NUMBER(3) DEFAULT 0 NOT NULL,    --  代码管理权限：0_系统代码，1_用户代码 
	CHILD_SUM  NUMBER(5) DEFAULT 0 NOT NULL    --  子代码数量 
)
;

COMMENT ON TABLE S_CODE IS '系统代码表'
;
COMMENT ON COLUMN S_CODE.SXH        IS '顺序号'
;
COMMENT ON COLUMN S_CODE.NAME       IS '代码名称'
;
COMMENT ON COLUMN S_CODE.CODE_ID    IS '对应国家代码ID，此代码被业务引用，必须唯一'
;
COMMENT ON COLUMN S_CODE.CODE_TYPE  IS '代码类型：0_代码表，1_代码项'
;
COMMENT ON COLUMN S_CODE.PARENT_ID  IS '上级ID'
;
COMMENT ON COLUMN S_CODE.CODE_SEC   IS '代码管理权限：0_系统代码，1_用户代码'
;
COMMENT ON COLUMN S_CODE.CHILD_SUM  IS '子代码数量'
;

CREATE TABLE S_DB
(
	ID            VARCHAR2(36) NOT NULL,    --  主键 
	CREATE_TIME   NUMBER(16) NOT NULL,    --  创建时间，毫秒数 
	CREATOR_NAME  VARCHAR2(50) NOT NULL,    --  创建用户名 
	TYPE          NUMBER(3) NOT NULL,    --  类型：0_导入，1_导出 
	NAME          VARCHAR2(100) NOT NULL,    --  导出、导入名字 
	FILE_ID       VARCHAR2(36) NOT NULL,    --  导出、导入文件的ID，关联S_FIL表主键 
	EXPORT_TYPE   NUMBER(3) DEFAULT 0 NOT NULL,    --  导出类型：0_全表，1_选择表 
	SUMMARY       VARCHAR2(255),    --  备注 
	DONE          NUMBER(3) DEFAULT 0 NOT NULL    --  是否执行完成:0_未执行，1_完成 
)
;

COMMENT ON COLUMN S_DB.ID            IS '主键'
;
COMMENT ON COLUMN S_DB.CREATE_TIME   IS '创建时间，毫秒数'
;
COMMENT ON COLUMN S_DB.CREATOR_NAME  IS '创建用户名'
;
COMMENT ON COLUMN S_DB.TYPE          IS '类型：0_导入，1_导出'
;
COMMENT ON COLUMN S_DB.NAME          IS '导出、导入名字'
;
COMMENT ON COLUMN S_DB.FILE_ID       IS '导出、导入文件的ID，关联S_FIL表主键'
;
COMMENT ON COLUMN S_DB.EXPORT_TYPE   IS '导出类型：0_全表，1_选择表'
;
COMMENT ON COLUMN S_DB.SUMMARY       IS '备注'
;
COMMENT ON COLUMN S_DB.DONE          IS '是否执行完成:0_未执行，1_完成'
;

CREATE TABLE S_DEPARTMENT
(
	ID            VARCHAR2(36) NOT NULL,    --  主键 
	CREATE_TIME   NUMBER(16) NOT NULL,    --  创建时间,如：20131023132301 
	ORDER_NUM     NUMBER(16) NOT NULL,    --  顺序号 
	NAME          VARCHAR2(200) NOT NULL,    --  机构全称 
	SIMPLE_NAME   VARCHAR2(200),    --  简称 
	TYPE          NUMBER(3) NOT NULL,    --  机构类型：0_独立单位，1_部门 
	IS_SYSTEM     NUMBER(3) DEFAULT 0 NOT NULL,    --  是否系统机构：0_否，1_是；系统机构不允许普通管理员修改。 
	PARENT_ID     VARCHAR2(36) NOT NULL,    --  上级机构ID 
	ATTRIBUTE     VARCHAR2(255),    --  机构属性，由业务定义并扩展 
	CHILD_SUM     NUMBER(5) DEFAULT 0 NOT NULL,    --  下级子机构数量 
	ADMINISTRATE  NUMBER(3) DEFAULT 0 NOT NULL,    --  是否启用单位管理员：0_否,1_是，只有类型为单位才能使用 
	CHARGE_MAN    VARCHAR2(36),    --  机构主管，用户ID，只能存在一个 
	MANAGER       VARCHAR2(36),    --  部门经理，用户ID，只能存在一个 
	SUMMARY       VARCHAR2(255),    --  简介 
	STATUS        NUMBER(3) DEFAULT 0 NOT NULL    --  状态：0_正常，1_已删除 
)
;

COMMENT ON TABLE S_DEPARTMENT IS '机构信息表'
;
COMMENT ON COLUMN S_DEPARTMENT.ID            IS '主键'
;
COMMENT ON COLUMN S_DEPARTMENT.CREATE_TIME   IS '创建时间,如：20131023132301'
;
COMMENT ON COLUMN S_DEPARTMENT.ORDER_NUM     IS '顺序号'
;
COMMENT ON COLUMN S_DEPARTMENT.NAME          IS '机构全称'
;
COMMENT ON COLUMN S_DEPARTMENT.SIMPLE_NAME   IS '简称'
;
COMMENT ON COLUMN S_DEPARTMENT.TYPE          IS '机构类型：0_独立单位，1_部门'
;
COMMENT ON COLUMN S_DEPARTMENT.IS_SYSTEM     IS '是否系统机构：0_否，1_是；系统机构不允许普通管理员修改。'
;
COMMENT ON COLUMN S_DEPARTMENT.PARENT_ID     IS '上级机构ID'
;
COMMENT ON COLUMN S_DEPARTMENT.ATTRIBUTE     IS '机构属性，由业务定义并扩展'
;
COMMENT ON COLUMN S_DEPARTMENT.CHILD_SUM     IS '下级子机构数量'
;
COMMENT ON COLUMN S_DEPARTMENT.ADMINISTRATE  IS '是否启用单位管理员：0_否,1_是，只有类型为单位才能使用'
;
COMMENT ON COLUMN S_DEPARTMENT.CHARGE_MAN    IS '机构主管，用户ID，只能存在一个'
;
COMMENT ON COLUMN S_DEPARTMENT.MANAGER       IS '部门经理，用户ID，只能存在一个'
;
COMMENT ON COLUMN S_DEPARTMENT.SUMMARY       IS '简介'
;
COMMENT ON COLUMN S_DEPARTMENT.STATUS        IS '状态：0_正常，1_已删除'
;

CREATE TABLE S_DEPARTMENT_ADMIN
(
	ID           VARCHAR2(36) NOT NULL,    --  主键 
	CREATE_TIME  NUMBER(16) NOT NULL,    --  创建时间 
	DEPART_ID    VARCHAR2(36) NOT NULL,    --  机构ID 
	USER_ID      VARCHAR2(36) NOT NULL,    --  用户ID 
	USER_NAME    VARCHAR2(100) NOT NULL    --  用户名称（冗余） 
)
;

COMMENT ON TABLE S_DEPARTMENT_ADMIN IS '单位管理员表'
;
COMMENT ON COLUMN S_DEPARTMENT_ADMIN.ID           IS '主键'
;
COMMENT ON COLUMN S_DEPARTMENT_ADMIN.CREATE_TIME  IS '创建时间'
;
COMMENT ON COLUMN S_DEPARTMENT_ADMIN.DEPART_ID    IS '机构ID'
;
COMMENT ON COLUMN S_DEPARTMENT_ADMIN.USER_ID      IS '用户ID'
;
COMMENT ON COLUMN S_DEPARTMENT_ADMIN.USER_NAME    IS '用户名称（冗余）'
;

CREATE TABLE S_FILE
(
	ID            VARCHAR2(36) NOT NULL,
	CREATE_TIME   NUMBER(16) NOT NULL,    --  创建时间 
	CREATOR       VARCHAR2(30),    --  创建人 
	CONTENT_TYPE  VARCHAR2(120) NOT NULL,    --  文件mime类型 
	FILE_NAME     VARCHAR2(255) NOT NULL,    --  文件原始名称 
	PATH          VARCHAR2(255),    --  文件在服务器保存的相对路径 
	EXT           VARCHAR2(6),    --  扩展名 
	CONTENT       BLOB,    --  文件二进制内容 
	STORE_TYPE    NUMBER(2) NOT NULL,    --  存储类型：0_文件，1_二进制 
	SUMMARY       VARCHAR2(100),    --  备注 
	GROUP_ID      VARCHAR2(36)    --  组编号，业务可以把多个文件归类一个组 
)
;

COMMENT ON TABLE S_FILE IS '应用文件信息表'
;
COMMENT ON COLUMN S_FILE.CREATE_TIME   IS '创建时间'
;
COMMENT ON COLUMN S_FILE.CREATOR       IS '创建人'
;
COMMENT ON COLUMN S_FILE.CONTENT_TYPE  IS '文件mime类型'
;
COMMENT ON COLUMN S_FILE.FILE_NAME     IS '文件原始名称'
;
COMMENT ON COLUMN S_FILE.PATH          IS '文件在服务器保存的相对路径'
;
COMMENT ON COLUMN S_FILE.EXT           IS '扩展名'
;
COMMENT ON COLUMN S_FILE.CONTENT       IS '文件二进制内容'
;
COMMENT ON COLUMN S_FILE.STORE_TYPE    IS '存储类型：0_文件，1_二进制'
;
COMMENT ON COLUMN S_FILE.SUMMARY       IS '备注'
;
COMMENT ON COLUMN S_FILE.GROUP_ID      IS '组编号，业务可以把多个文件归类一个组'
;

CREATE TABLE S_FUNCTION
(
	ID         VARCHAR2(36) NOT NULL,
	ORDER_NUM  NUMBER(14) NOT NULL,
	F_TYPE     NUMBER(3) DEFAULT 1 NOT NULL,    --  功能类型：-1_子系统，0_功能组，1_功能项 
	NAME       VARCHAR2(200) NOT NULL,    --  功能名称 
	URL        VARCHAR2(200),    --  功能地址 
	POINTER    VARCHAR2(255),    --  功能点：id,id,.. 
	IS_RUN     NUMBER(3) DEFAULT 1 NOT NULL,    --  是否启用：0_禁用，1_启用 
	PARENT_ID  VARCHAR2(36)    --  上级菜单组id 
	OPEN_STYLE NUMBER(2) DEFAULT 0 NOT NULL
)
;

COMMENT ON TABLE S_FUNCTION IS '功能菜单表'
;
COMMENT ON COLUMN S_FUNCTION.F_TYPE     IS '功能类型：-1_子系统，0_功能组，1_功能项'
;
COMMENT ON COLUMN S_FUNCTION.NAME       IS '功能名称'
;
COMMENT ON COLUMN S_FUNCTION.URL        IS '功能地址'
;
COMMENT ON COLUMN S_FUNCTION.POINTER    IS '功能点：id,id,..'
;
COMMENT ON COLUMN S_FUNCTION.IS_RUN     IS '是否启用：0_禁用，1_启用'
;
COMMENT ON COLUMN S_FUNCTION.PARENT_ID  IS '上级菜单组id'
;
COMMENT ON COLUMN S_FUNCTION.OPEN_STYLE  IS '菜单打开方式:0_iframe,1_弹出对话框,2_覆盖主窗口,9_新浏览器窗口'
;


CREATE TABLE S_LOG
(
	ID           VARCHAR2(36) NOT NULL,
	CREATE_TIME  NUMBER(16) NOT NULL,    --  创建时间，毫秒数 
	LOGIN_USER   VARCHAR2(36) NOT NULL,    --  用户登录ID 
	TYPE         NUMBER(3) NOT NULL,    --  日志类型:0_一般操作,1_登录,2_注销,3_删除数据 
	CONTENT      VARCHAR2(255) NOT NULL,    --  日志内容 
	SUMMARY      VARCHAR2(255)    --  备用字段 
)
;

COMMENT ON TABLE S_LOG IS '日志表'
;
COMMENT ON COLUMN S_LOG.CREATE_TIME  IS '创建时间，毫秒数'
;
COMMENT ON COLUMN S_LOG.LOGIN_USER   IS '用户登录ID'
;
COMMENT ON COLUMN S_LOG.TYPE         IS '日志类型:0_一般操作,1_登录,2_注销,3_删除数据'
;
COMMENT ON COLUMN S_LOG.CONTENT      IS '日志内容'
;
COMMENT ON COLUMN S_LOG.SUMMARY      IS '备用字段'
;

CREATE TABLE S_POINTER
(
	ID           VARCHAR2(36) NOT NULL,    --  主键 
	NAME         VARCHAR2(100) NOT NULL,    --  功能点名称 
	ORDER_NUM    NUMBER(15) NOT NULL,    --  顺序号 
	SELECTED     NUMBER(2) DEFAULT 0 NOT NULL,    --  默认选择：0_否1_是 
	FUNCTION_ID  VARCHAR2(36) NOT NULL,    --  对应功能ID 
	URL          VARCHAR2(200)    --  功能点对应的URL 
)
;

COMMENT ON TABLE S_POINTER IS '功能点表'
;
COMMENT ON COLUMN S_POINTER.ID           IS '主键'
;
COMMENT ON COLUMN S_POINTER.NAME         IS '功能点名称'
;
COMMENT ON COLUMN S_POINTER.ORDER_NUM    IS '顺序号'
;
COMMENT ON COLUMN S_POINTER.SELECTED     IS '默认选择：0_否1_是'
;
COMMENT ON COLUMN S_POINTER.FUNCTION_ID  IS '对应功能ID'
;
COMMENT ON COLUMN S_POINTER.URL          IS '功能点对应的URL'
;

CREATE TABLE S_ROLE
(
	ID           VARCHAR2(36) NOT NULL,
	CREATE_TIME  NUMBER(16) NOT NULL,    --  创建时间 
	R_TYPE       NUMBER(3) DEFAULT 1 NOT NULL,    --  角色类型：0_系统，1_用户类型 
	NAME         VARCHAR2(200) NOT NULL,    --  角色名称 
	SUMMARY      VARCHAR2(200)    --  描述 
)
;

COMMENT ON TABLE S_ROLE IS '角色表'
;
COMMENT ON COLUMN S_ROLE.CREATE_TIME  IS '创建时间'
;
COMMENT ON COLUMN S_ROLE.R_TYPE       IS '角色类型：0_系统，1_用户类型'
;
COMMENT ON COLUMN S_ROLE.NAME         IS '角色名称'
;
COMMENT ON COLUMN S_ROLE.SUMMARY      IS '描述'
;

CREATE TABLE S_ROLE_FUNC
(
	ID            VARCHAR2(36) NOT NULL,
	ROLE_ID       VARCHAR2(36) NOT NULL,    --  角色ID 
	FUNC_ITEM_ID  VARCHAR2(36) NOT NULL,    --  功能项ID 
	POINTER       VARCHAR2(255)    --  功能点IDS，用户英文逗号分隔 
)
;

COMMENT ON TABLE S_ROLE_FUNC IS '角色对应功能表'
;
COMMENT ON COLUMN S_ROLE_FUNC.ROLE_ID       IS '角色ID'
;
COMMENT ON COLUMN S_ROLE_FUNC.FUNC_ITEM_ID  IS '功能项ID'
;
COMMENT ON COLUMN S_ROLE_FUNC.POINTER       IS '功能点IDS，用户英文逗号分隔'
;

CREATE TABLE S_ROLE_USER
(
	ID         VARCHAR2(36) NOT NULL,
	ROLE_ID    VARCHAR2(36) NOT NULL,    --  角色ID 
	USER_ID    VARCHAR2(36) NOT NULL,    --  用户ID 
	USER_NAME  VARCHAR2(50)    --  用户名 
)
;

COMMENT ON TABLE S_ROLE_USER IS '角色用户表'
;
COMMENT ON COLUMN S_ROLE_USER.ROLE_ID    IS '角色ID'
;
COMMENT ON COLUMN S_ROLE_USER.USER_ID    IS '用户ID'
;
COMMENT ON COLUMN S_ROLE_USER.USER_NAME  IS '用户名'
;

CREATE TABLE S_USER_CORE
(
	ID             VARCHAR2(36) NOT NULL,    --  主键 
	CREATE_TIME    NUMBER(16) NOT NULL,
	ORDER_NUM      NUMBER(16) NOT NULL,
	LOGIN_ID       VARCHAR2(50) NOT NULL,    --  登录ID 
	NAME           VARCHAR2(100) NOT NULL,    --  用户姓名 
	PINYIN         VARCHAR2(100),    --  用户名拼音 
	TYPE           NUMBER(3) DEFAULT 2 NOT NULL,    --  用户类型：0_超级管理员，1_单位管理员，2_普通用户 
	ENABLE         NUMBER(3) DEFAULT 1 NOT NULL,    --  是否启用：0_否，1_是 
	STATUS         NUMBER(3) DEFAULT 0 NOT NULL,    --  状态：0_正常，1_删除 
	ORG_ID         VARCHAR2(36) NOT NULL,    --  用户所属单位ID 
	DEPARTMENT_ID  VARCHAR2(36),    --  用户所在部门ID 
	SUMMARY        VARCHAR2(200),
	PASSWORD       VARCHAR2(50) NOT NULL,    --  密码 
	STYLE          VARCHAR2(20) DEFAULT 'simple' NOT NULL,    --  界面风格 
	FROM_TYPE      NUMBER(3) DEFAULT 0 NOT NULL,    --  用户来源：0_系统内部，1_外部（如：供应商）目前不细化 
	FROM_TYPE_ID   VARCHAR2(36),    --  来源细分，通过代码引用 
	ORG_NAME       VARCHAR2(100),    --  外部用户，需要用此冗余字段显示单位名 
	SEX            NUMBER(3) DEFAULT 1 NOT NULL,    --  性别：0_女,1_男 
	TEL            VARCHAR2(20),    --  电话号码 
	MOBILE         VARCHAR2(15),    --  手机号码 
	EMAIL          VARCHAR2(50)    --  邮件地址 
)
;

COMMENT ON TABLE S_USER_CORE IS '用户核心表'
;
COMMENT ON COLUMN S_USER_CORE.ID             IS '主键'
;
COMMENT ON COLUMN S_USER_CORE.LOGIN_ID       IS '登录ID'
;
COMMENT ON COLUMN S_USER_CORE.NAME           IS '用户姓名'
;
COMMENT ON COLUMN S_USER_CORE.PINYIN         IS '用户名拼音'
;
COMMENT ON COLUMN S_USER_CORE.TYPE           IS '用户类型：0_超级管理员，1_单位管理员，2_普通用户'
;
COMMENT ON COLUMN S_USER_CORE.ENABLE         IS '是否启用：0_否，1_是'
;
COMMENT ON COLUMN S_USER_CORE.STATUS         IS '状态：0_正常，1_删除'
;
COMMENT ON COLUMN S_USER_CORE.ORG_ID         IS '用户所属单位ID'
;
COMMENT ON COLUMN S_USER_CORE.DEPARTMENT_ID  IS '用户所在部门ID'
;
COMMENT ON COLUMN S_USER_CORE.PASSWORD       IS '密码'
;
COMMENT ON COLUMN S_USER_CORE.STYLE          IS '界面风格'
;
COMMENT ON COLUMN S_USER_CORE.FROM_TYPE      IS '用户来源：0_系统内部，1_外部（如：供应商）目前不细化'
;
COMMENT ON COLUMN S_USER_CORE.FROM_TYPE_ID   IS '来源细分，通过代码引用'
;
COMMENT ON COLUMN S_USER_CORE.ORG_NAME       IS '外部用户，需要用此冗余字段显示单位名'
;
COMMENT ON COLUMN S_USER_CORE.SEX            IS '性别：0_女,1_男'
;
COMMENT ON COLUMN S_USER_CORE.TEL            IS '电话号码'
;
COMMENT ON COLUMN S_USER_CORE.MOBILE         IS '手机号码'
;
COMMENT ON COLUMN S_USER_CORE.EMAIL          IS '邮件地址'
;

--  Create Primary Key Constraints 
ALTER TABLE S_CODE ADD CONSTRAINT PK_S_CODE 
	PRIMARY KEY (ID)
;

ALTER TABLE S_DB ADD CONSTRAINT PK_S_DB 
	PRIMARY KEY (ID)
;

ALTER TABLE S_DEPARTMENT ADD CONSTRAINT PK_S_DEPART 
	PRIMARY KEY (ID)
;

ALTER TABLE S_DEPARTMENT_ADMIN ADD CONSTRAINT PK_S_DEPART_ADMIN 
	PRIMARY KEY (ID)
;

ALTER TABLE S_FILE ADD CONSTRAINT PK_S_FILE 
	PRIMARY KEY (ID)
;

ALTER TABLE S_FUNCTION ADD CONSTRAINT PK_S_FUNCTION 
	PRIMARY KEY (ID)
;

ALTER TABLE S_LOG ADD CONSTRAINT PK_S_LOG 
	PRIMARY KEY (ID)
;

ALTER TABLE S_POINTER ADD CONSTRAINT PK_S_POINTER 
	PRIMARY KEY (ID)
;

ALTER TABLE S_ROLE ADD CONSTRAINT PK_S_ROLE 
	PRIMARY KEY (ID)
;

ALTER TABLE S_ROLE_FUNC ADD CONSTRAINT PK_S_ROLE_FUNC 
	PRIMARY KEY (ID)
;

ALTER TABLE S_ROLE_USER ADD CONSTRAINT PK_S_ROLE_USER 
	PRIMARY KEY (ID)
;

ALTER TABLE S_USER_CORE ADD CONSTRAINT PK_S_USER_CORE 
	PRIMARY KEY (ID)
;


--  Create Foreign Key Constraints 
ALTER TABLE S_DEPARTMENT_ADMIN ADD CONSTRAINT FK_S_DEPART_ADMIN 
	FOREIGN KEY (DEPART_ID) REFERENCES S_DEPARTMENT (ID)
;

ALTER TABLE S_POINTER ADD CONSTRAINT FK_S_POINTER_S_FUNCTION 
	FOREIGN KEY (FUNCTION_ID) REFERENCES S_FUNCTION (ID)
ON DELETE CASCADE
;

ALTER TABLE S_ROLE_FUNC ADD CONSTRAINT FK_S_ROLE_FUNC_S_ROLE 
	FOREIGN KEY (ROLE_ID) REFERENCES S_ROLE (ID)
ON DELETE CASCADE
;

ALTER TABLE S_ROLE_USER ADD CONSTRAINT FK_S_ROLE_USER_S_ROLE 
	FOREIGN KEY (ROLE_ID) REFERENCES S_ROLE (ID)
ON DELETE CASCADE
;

INSERT INTO s_code VALUES ('RD_TYPE', '26', '研发类型', 0, '0', 'ROOT', '0', '2');
INSERT INTO s_code VALUES ('RD_TYPE_NEW', '1', '研发项目', 0, '1', 'RD_TYPE', '1', '0');
INSERT INTO s_code VALUES ('RD_TYPE_PRD', '2', '推广项目', 0, '1', 'RD_TYPE', '1', '0');
INSERT INTO s_code VALUES ('SYS_AREA', '1', '所属区域', 0, '0', 'ROOT', '0', '32');
INSERT INTO s_code VALUES ('SYS_AREA_23', '23', '江苏省', 0, '1', 'SYS_AREA', '1', '0');
INSERT INTO s_code VALUES ('SYS_AREA_24', '24', '上海', 0, '1', 'SYS_AREA', '1', '0');
INSERT INTO s_code VALUES ('SYS_AREA_25', '25', '内蒙古', 0, '1', 'SYS_AREA', '1', '0');
INSERT INTO s_code VALUES ('SYS_AREA_27', '27', '深圳', 0, '1', 'SYS_AREA', '1', '0');
INSERT INTO s_code VALUES ('SYS_AREA_34', '34', '宁夏', 0, '1', 'SYS_AREA', '1', '0');
INSERT INTO s_code VALUES ('SYS_AREA_AHS', '5', '安徽省', 0, '1', 'SYS_AREA', '1', '0');
INSERT INTO s_code VALUES ('SYS_AREA_BEIJING', '19', '北京', 0, '1', 'SYS_AREA', '1', '0');
INSERT INTO s_code VALUES ('SYS_AREA_CHONGQING', '22', '重庆', 0, '1', 'SYS_AREA', '1', '0');
INSERT INTO s_code VALUES ('SYS_AREA_FUJIAN', '12', '福建省', 0, '1', 'SYS_AREA', '1', '0');
INSERT INTO s_code VALUES ('SYS_AREA_GDS', '8', '广东省', 0, '1', 'SYS_AREA', '1', '0');
INSERT INTO s_code VALUES ('SYS_AREA_GXS', '9', '广西省', 0, '1', 'SYS_AREA', '1', '0');
INSERT INTO s_code VALUES ('SYS_AREA_HAINAN', '11', '海南省', 0, '1', 'SYS_AREA', '1', '0');
INSERT INTO s_code VALUES ('SYS_AREA_HEBEI', '18', '河北省', 0, '1', 'SYS_AREA', '1', '0');
INSERT INTO s_code VALUES ('SYS_AREA_HNS', '6', '河南省', 0, '1', 'SYS_AREA', '1', '0');

-- ----------------------------
-- Records of s_function
-- ----------------------------
INSERT INTO s_function VALUES ('0', '99', '-1', '运行维护', null, null, '1', '-1');
INSERT INTO s_function VALUES ('1', '1', '0', '系统管理', null, null, '1', '0');
INSERT INTO s_function VALUES ('10', '10', '1', '功能菜单', '/admin/function/index.do', null, '1', '1');
INSERT INTO s_function VALUES ('12', '12', '1', '代码管理', '/admin/code/index.do', 'CODE_ADD,CODE_EDIT,CODE_DEL', '1', '1');
INSERT INTO s_function VALUES ('13', '13', '1', '组织机构', '/admin/department/index.do', 'DEPT_ADD,DEPT_VIEW,DEPT_DEL,DEPT_EASE,DEPT_EDIT', '1', '1');
INSERT INTO s_function VALUES ('14', '14', '1', '系统用户', '/admin/user/index.do', 'USER_ADD,USER_DEL,USER_EASE,USER_EDIT,PASS_RESET', '1', '1');
INSERT INTO s_function VALUES ('15', '15', '1', '角色权限', '/admin/role/index.do', 'ROLE_ADD,ROLE_FUNC,ROLE_USER', '1', '1');
INSERT INTO s_function VALUES ('16', '16', '1', '活动用户', '/admin/activeuser/index.do', null, '1', '1');
INSERT INTO s_function VALUES ('17', '17', '1', '日志检查', '/admin/log/index.do', null, '1', '1');
INSERT INTO s_function VALUES ('18', '18', '1', '上传附件', '/admin/file/index.do', null, '1', '1');
INSERT INTO s_function VALUES ('9', '9', '1', '参数选项', '/admin/args/index.do', 'ARGS_SAVE', '1', '1');

INSERT INTO s_function VALUES ('3', '3', '0', '首页设置', null, null, '1', '0');
INSERT INTO s_function VALUES ('31', '31', '1', '上传LOGO', '/admin/home/logo.do', null, '1', '3');

insert into s_function   values ('20','2','0','流程管理',null,null,'1','0');
insert into s_function   values ('202','202','1','流程定义管理','/flow/define/index.do',null,'1','20');
insert into s_function   values ('203','203','1','流程运行监控','/flow/instance/index.do',null,'1','20');
insert into s_function   values ('204','204','1','正在办理任务','/flow/instance/await_task.do',null,'1','20');
insert into s_function   values ('205','205','1','流程绑定设置','/flow/bind/index.do',null,'1','20');
insert into s_function   values ('209','209','1','流程测试','/flow/test/index.do',null,'1','20');

INSERT INTO s_function VALUES ('101', '1', '-1', '首页', null, null, '1', '-1');
INSERT INTO s_function VALUES ('1011', '1', '0', '业务模块一', null, null, '1', '101');
INSERT INTO s_function VALUES ('10111', '1', '1', '功能一', '/model1/index.do', null, '1', '1011');

-- ----------------------------
-- Records of s_pointer
-- ----------------------------
INSERT INTO s_pointer VALUES ('ARGS_SAVE', '更新选项', '1', '0', '9', '/admin/args/save.do');
INSERT INTO s_pointer VALUES ('CODE_ADD', '添加代码项', '1', '0', '12', '/admin/code/saveCode.do');
INSERT INTO s_pointer VALUES ('CODE_DEL', '删除代码项', '3', '0', '12', '/admin/code/deleteCodeInfo.do');
INSERT INTO s_pointer VALUES ('CODE_EDIT', '修改代码项', '2', '0', '12', '/admin/code/updateCode.do');
INSERT INTO s_pointer VALUES ('DEPT_ADD', '添加机构', '1', '0', '13', '/admin/department/save.do');
INSERT INTO s_pointer VALUES ('DEPT_DEL', '删除机构', '4', '0', '13', '/admin/department/deleteOrg.do');
INSERT INTO s_pointer VALUES ('DEPT_EASE', '彻底删除', '5', '0', '13', '/admin/department/easeOrg.do');
INSERT INTO s_pointer VALUES ('DEPT_EDIT', '编辑机构', '6', '0', '13', '/admin/department/edit.do');
INSERT INTO s_pointer VALUES ('DEPT_VIEW', '查看机构', '3', '0', '13', '/admin/department/show.do');
INSERT INTO s_pointer VALUES ('ROLE_ADD', '创建角色', '1', '0', '15', '/admin/role/createRole.do');
INSERT INTO s_pointer VALUES ('ROLE_FUNC', '设置功能', '2', '0', '15', '/admin/role/saveRoleFunc.do');
INSERT INTO s_pointer VALUES ('ROLE_USER', '设置用户', '3', '0', '15', '/admin/role/saveRoleUser.do');
INSERT INTO s_pointer VALUES ('USER_ADD', '添加用户', '1', '0', '14', '/admin/user/save.do');
INSERT INTO s_pointer VALUES ('USER_DEL', '删除用户', '2', '0', '14', '/admin/user/delete.do');
INSERT INTO s_pointer VALUES ('USER_EASE', '彻底删除用户', '3', '0', '14', '/admin/user/ease.do');
INSERT INTO s_pointer VALUES ('USER_EDIT', '编辑用户', '4', '0', '14', '/admin/user/edit.do');
INSERT INTO s_pointer VALUES ('PASS_RESET', '重置密码', '5', '0', '14', '/admin/user/pass_reset.do');
