--   -------------------------------------------------- 
--   Generated by Enterprise Architect Version 8.0.858
--   Created On : 星期三, 26 二月, 2014 
--   DBMS       : DB2 
--   -------------------------------------------------- 



--  Drop Tables, Stored Procedures and Views 

/***/
DROP TABLE S_CODE
;
 DROP TABLE S_DEPARTMENT
;
 DROP TABLE S_DEPARTMENT_ADMIN
;
 DROP TABLE S_FUNCTION
;
 DROP TABLE S_LOG
;
 DROP TABLE S_POINTER
;
 DROP TABLE S_PREFERENCE
;
 DROP TABLE S_ROLE
;
 DROP TABLE S_ROLE_FUNC
;
 DROP TABLE S_ROLE_USER
;
 DROP TABLE S_USER_CORE
;
 DROP TABLE S_FILE
;


--  Create Tables 
CREATE TABLE S_CODE ( 
	ID VARCHAR(36) NOT NULL,
	SXH INTEGER NOT NULL,
	NAME VARCHAR(50) NOT NULL,
	CODE_ID VARCHAR(100),
	CODE_TYPE SMALLINT NOT NULL,
	PARENT_ID VARCHAR(36) NOT NULL,
	CODE_SEC SMALLINT NOT NULL,
	CHILD_SUM INTEGER DEFAULT 0 NOT NULL
)
;


CREATE TABLE S_DEPARTMENT ( 
	ID VARCHAR(36) NOT NULL,
	CREATE_TIME BIGINT NOT NULL,
	ORDER_NUM INTEGER NOT NULL,
	NAME VARCHAR(200) NOT NULL,
	SIMPLE_NAME VARCHAR(200),
	TYPE SMALLINT NOT NULL,
	IS_SYSTEM SMALLINT DEFAULT 0 NOT NULL,
	PARENT_ID VARCHAR(36) NOT NULL,
	ATTRIBUTE VARCHAR(255),
	CHILD_SUM INTEGER DEFAULT 0 NOT NULL,
	ADMINISTRATE SMALLINT DEFAULT 0 NOT NULL,
	CHARGE_MAN VARCHAR(36),
	MANAGER VARCHAR(36),
	SUMMARY VARCHAR(255),
	STATUS SMALLINT DEFAULT 0 NOT NULL
)
;


CREATE TABLE S_DEPARTMENT_ADMIN ( 
	ID VARCHAR(36) NOT NULL,
	CREATE_TIME BIGINT NOT NULL,
	DEPART_ID VARCHAR(36) NOT NULL,
	USER_ID VARCHAR(36) NOT NULL,
	USER_NAME VARCHAR(100) NOT NULL
)
;


CREATE TABLE S_FUNCTION ( 
	ID VARCHAR(36) NOT NULL,
	ORDER_NUM INTEGER NOT NULL,
	F_TYPE INTEGER NOT NULL,
	NAME VARCHAR(200) NOT NULL,
	URL VARCHAR(200),
	POINTER VARCHAR(255),
	IS_RUN SMALLINT DEFAULT 1 NOT NULL,
	PARENT_ID VARCHAR(36)
)
;


CREATE TABLE S_LOG ( 
	ID VARCHAR(36) NOT NULL,
	CREATE_TIME BIGINT NOT NULL,
	LOGIN_USER VARCHAR(36) NOT NULL,
	TYPE SMALLINT NOT NULL,
	CONTENT VARCHAR(255) NOT NULL,
	SUMMARY VARCHAR(255)
)
;


CREATE TABLE S_POINTER ( 
	ID VARCHAR(36) NOT NULL,
	NAME VARCHAR(100) NOT NULL,
	ORDER_NUM INTEGER NOT NULL,
	SELECTED DECIMAL(2) DEFAULT 0 NOT NULL,
	FUNCTION_ID VARCHAR(36) NOT NULL,
	URL VARCHAR(200)
)
;


CREATE TABLE S_PREFERENCE ( 
	ID VARCHAR(50) NOT NULL,
	SXH BIGINT NOT NULL,
	NAME VARCHAR(200) NOT NULL,
	DATA_TYPE SMALLINT NOT NULL,
	DATA_VALUE VARCHAR(255) NOT NULL,
	DEFAULT_VALUE VARCHAR(255) NOT NULL,
	GROUP_NAME VARCHAR(100)
)
;


CREATE TABLE S_ROLE ( 
	ID VARCHAR(36) NOT NULL,
	CREATE_TIME BIGINT NOT NULL,
	R_TYPE SMALLINT DEFAULT 1 NOT NULL,
	NAME VARCHAR(200) NOT NULL,
	SUMMARY VARCHAR(200)
)
;


CREATE TABLE S_ROLE_FUNC ( 
	ID VARCHAR(36) NOT NULL,
	ROLE_ID VARCHAR(36) NOT NULL,
	FUNC_ITEM_ID VARCHAR(36) NOT NULL,
	POINTER VARCHAR(255)
)
;


CREATE TABLE S_ROLE_USER ( 
	ID VARCHAR(36) NOT NULL,
	ROLE_ID VARCHAR(36) NOT NULL,
	USER_ID VARCHAR(36) NOT NULL,
	USER_NAME VARCHAR(50)
)
;


CREATE TABLE S_USER_CORE ( 
	ID VARCHAR(36) NOT NULL,
	CREATE_TIME BIGINT NOT NULL,
	ORDER_NUM INTEGER NOT NULL,
	LOGIN_ID VARCHAR(50) NOT NULL,
	NAME VARCHAR(100) NOT NULL,
	PINYIN VARCHAR(100),
	TYPE SMALLINT DEFAULT 2 NOT NULL,
	ENABLE SMALLINT DEFAULT 1 NOT NULL,
	STATUS SMALLINT DEFAULT 0 NOT NULL,
	ORG_ID VARCHAR(36) NOT NULL,
	DEPARTMENT_ID VARCHAR(36),
	SUMMARY VARCHAR(200),
	PASSWORD VARCHAR(50) NOT NULL,
	STYLE VARCHAR(20) DEFAULT simple NOT NULL
)
;

CREATE TABLE S_FILE ( 
	ID VARCHAR(36) NOT NULL,
	CREATE_TIME BIGINT NOT NULL,
	CREATOR VARCHAR(30),
	CONTENT_TYPE VARCHAR(120) NOT NULL,
	FILE_NAME VARCHAR(255) NOT NULL,
	PATH VARCHAR(255),
	EXT VARCHAR(6),
	CONTENT BLOB(0),
	STORE_TYPE SMALLINT NOT NULL,
	SUMMARY VARCHAR(100)
)
;


--  Create Primary Key Constraints 
ALTER TABLE S_CODE ADD CONSTRAINT PK_S_CODE 
	PRIMARY KEY (ID)
;


ALTER TABLE S_DEPARTMENT ADD CONSTRAINT PK_S_DEPART 
	PRIMARY KEY (ID)
;


ALTER TABLE S_DEPARTMENT_ADMIN ADD CONSTRAINT PK_S_DEPART_ADMIN 
	PRIMARY KEY (ID)
;


ALTER TABLE S_FUNCTION ADD CONSTRAINT PK_S_FUNCTION 
	PRIMARY KEY (ID)
;


ALTER TABLE S_LOG ADD CONSTRAINT PK_S_LOG 
	PRIMARY KEY (ID)
;


ALTER TABLE S_POINTER ADD CONSTRAINT PK_S_POINTER 
	PRIMARY KEY (ID)
;


ALTER TABLE S_PREFERENCE ADD CONSTRAINT PK_S_PREFERENCE 
	PRIMARY KEY (ID)
;


ALTER TABLE S_ROLE ADD CONSTRAINT PK_S_ROLE 
	PRIMARY KEY (ID)
;


ALTER TABLE S_ROLE_FUNC ADD CONSTRAINT PK_S_ROLE_FUNC 
	PRIMARY KEY (ID)
;


ALTER TABLE S_ROLE_USER ADD CONSTRAINT PK_S_ROLE_USER 
	PRIMARY KEY (ID)
;


ALTER TABLE S_USER_CORE ADD CONSTRAINT PK_S_USER_CORE 
	PRIMARY KEY (ID)
;

ALTER TABLE S_FILE ADD CONSTRAINT PK_S_FILE 
	PRIMARY KEY (ID)
;


--  Create Foreign Key Constraints 
ALTER TABLE S_DEPARTMENT_ADMIN ADD CONSTRAINT FK_S_DEPART_ADMIN 
	FOREIGN KEY (DEPART_ID) REFERENCES S_DEPARTMENT (ID)
;

ALTER TABLE S_POINTER ADD CONSTRAINT FK_S_POINTER_S_FUNCTION 
	FOREIGN KEY (FUNCTION_ID) REFERENCES S_FUNCTION (ID)
;

ALTER TABLE S_ROLE_FUNC ADD CONSTRAINT FK_S_ROLE_FUNC_S_ROLE 
	FOREIGN KEY (ROLE_ID) REFERENCES S_ROLE (ID)
;

ALTER TABLE S_ROLE_USER ADD CONSTRAINT FK_S_ROLE_USER_S_ROLE 
	FOREIGN KEY (ROLE_ID) REFERENCES S_ROLE (ID)
;


-- ----------------------------
-- Records of s_code
-- ----------------------------
INSERT INTO s_code VALUES ('COST_TYPE', 27, '成本类型', null, 0, 'ROOT', 0, 2);
INSERT INTO s_code VALUES ('COST_TYPE_HUMAN', 1, '人力成本', null, 1, 'COST_TYPE', 1, 0);
INSERT INTO s_code VALUES ('COST_TYPE_OTHER', 99, '其他成本', null, 1, 'COST_TYPE', 1, 0);
INSERT INTO s_code VALUES ('IMP_PRO_STATUS', 22, '实施项目状态', null, 0, 'ROOT', 0, 13);
INSERT INTO s_code VALUES ('IMP_PRO_STATUS_000', 0, '未启动未立项', null, 1, 'IMP_PRO_STATUS', 1, 0);
INSERT INTO s_code VALUES ('IMP_PRO_STATUS_001', 1, '启动未立项', null, 1, 'IMP_PRO_STATUS', 1, 0);
INSERT INTO s_code VALUES ('IMP_PRO_STATUS_100', 100, '正在订货', null, 1, 'IMP_PRO_STATUS', 1, 0);
INSERT INTO s_code VALUES ('IMP_PRO_STATUS_101', 101, '安装调试中', null, 1, 'IMP_PRO_STATUS', 1, 0);
INSERT INTO s_code VALUES ('IMP_PRO_STATUS_BFSX', 4, '部分模块上线', null, 1, 'IMP_PRO_STATUS', 1, 0);
INSERT INTO s_code VALUES ('IMP_PRO_STATUS_END', 10, '已结项', null, 1, 'IMP_PRO_STATUS', 1, 0);
INSERT INTO s_code VALUES ('IMP_PRO_STATUS_KHYS', 6, '客户已验收', null, 1, 'IMP_PRO_STATUS', 1, 0);
INSERT INTO s_code VALUES ('IMP_PRO_STATUS_NORMAL', 3, '正常研发', null, 1, 'IMP_PRO_STATUS', 1, 0);
INSERT INTO s_code VALUES ('IMP_PRO_STATUS_PAUSE', 8, '暂停', null, 1, 'IMP_PRO_STATUS', 1, 0);
INSERT INTO s_code VALUES ('IMP_PRO_STATUS_QBSX', 5, '已全部上线客户未验收', null, 1, 'IMP_PRO_STATUS', 1, 0);
INSERT INTO s_code VALUES ('IMP_PRO_STATUS_TERM', 99, '终止', null, 1, 'IMP_PRO_STATUS', 1, 0);
INSERT INTO s_code VALUES ('IMP_PRO_STATUS_TG', 11, '正常实施', null, 1, 'IMP_PRO_STATUS', 1, 0);
INSERT INTO s_code VALUES ('IMP_PRO_STATUS_WAIT', 7, '公司未结项验收', null, 1, 'IMP_PRO_STATUS', 1, 0);
INSERT INTO s_code VALUES ('INSPECT_RESULT', 30, '验收结论', null, 0, 'ROOT', 0, 3);
INSERT INTO s_code VALUES ('INSPECT_RESULT_BAD', 2, '不合格', null, 1, 'INSPECT_RESULT', 1, 0);
INSERT INTO s_code VALUES ('INSPECT_RESULT_GOOD', 3, '优秀', null, 1, 'INSPECT_RESULT', 1, 0);
INSERT INTO s_code VALUES ('INSPECT_RESULT_NORMAL', 1, '合格', null, 1, 'INSPECT_RESULT', 1, 0);
INSERT INTO s_code VALUES ('PREDICT_COST', 32, '成本预测分类', null, 0, 'ROOT', 0, 3);
INSERT INTO s_code VALUES ('PREDICT_COST_001', 1, '正常', null, 1, 'PREDICT_COST', 1, 0);
INSERT INTO s_code VALUES ('PREDICT_COST_002', 2, '超支', null, 1, 'PREDICT_COST', 1, 0);
INSERT INTO s_code VALUES ('PREDICT_COST_003', 3, '结余', null, 1, 'PREDICT_COST', 1, 0);
INSERT INTO s_code VALUES ('PROJECT_CONTRACT_TYPE', 3, '合同类别', null, 0, 'ROOT', 0, 6);
INSERT INTO s_code VALUES ('PROJECT_CONTRACT_TYPE_A', 1, '纯软件', null, 1, 'PROJECT_CONTRACT_TYPE', 1, 0);
INSERT INTO s_code VALUES ('PROJECT_CONTRACT_TYPE_B', 2, '软件加第三方软件', null, 1, 'PROJECT_CONTRACT_TYPE', 1, 0);
INSERT INTO s_code VALUES ('PROJECT_CONTRACT_TYPE_C', 3, '软件加硬件', null, 1, 'PROJECT_CONTRACT_TYPE', 1, 0);
INSERT INTO s_code VALUES ('PROJECT_CONTRACT_TYPE_D', 4, '软件加第三方加硬件', null, 1, 'PROJECT_CONTRACT_TYPE', 1, 0);
INSERT INTO s_code VALUES ('PROJECT_CONTRACT_TYPE_NONE', 6, '无项目合同类别', null, 1, 'PROJECT_CONTRACT_TYPE', 1, 0);
INSERT INTO s_code VALUES ('PROJECT_MENT_TYPE', 25, '项目类型', null, 0, 'ROOT', 0, 5);
INSERT INTO s_code VALUES ('PROJECT_MENT_TYPE_FEE', 1, '有偿维护', null, 1, 'PROJECT_MENT_TYPE', 1, 0);
INSERT INTO s_code VALUES ('PROJECT_MENT_TYPE_FREE', 2, '免费维护', null, 1, 'PROJECT_MENT_TYPE', 1, 0);
INSERT INTO s_code VALUES ('PROJECT_MENT_TYPE_NO', 3, '无偿维护', null, 1, 'PROJECT_MENT_TYPE', 1, 0);
INSERT INTO s_code VALUES ('PROJECT_MENT_TYPE_OTHER', 5, '其他', null, 1, 'PROJECT_MENT_TYPE', 1, 0);
INSERT INTO s_code VALUES ('PROJECT_PURCHASE_TYPE', 5, '采购方式', null, 0, 'ROOT', 0,5);
INSERT INTO s_code VALUES ('PROJECT_STATUS', 2, '项目过程', null, 0, 'ROOT', 0, 9);
INSERT INTO s_code VALUES ('PROJECT_STATUS_BUDGET', 3, '预算确定', null, 1, 'PROJECT_STATUS', 0, 0);
INSERT INTO s_code VALUES ('PROJECT_STATUS_DOCUMENT', 4, '草拟招标文件', null, 1, 'PROJECT_STATUS', 0, 0);
INSERT INTO s_code VALUES ('PROJECT_STATUS_HTTP', 7, '合同谈判', null, 1, 'PROJECT_STATUS', 0, 0);
INSERT INTO s_code VALUES ('PROJECT_STATUS_INTENT', 2, '初步意向', null, 1, 'PROJECT_STATUS', 0, 0);
INSERT INTO s_code VALUES ('PROJECT_STATUS_KB', 6, '开标', null, 1, 'PROJECT_STATUS', 0, 0);
INSERT INTO s_code VALUES ('PROJECT_STATUS_NONE', 1, '不确定', null, 1, 'PROJECT_STATUS', 0, 0);
INSERT INTO s_code VALUES ('PROJECT_STATUS_NOTICE', 5, '公告发布', null, 1, 'PROJECT_STATUS', 0, 0);
INSERT INTO s_code VALUES ('PROJECT_STATUS_XMLX', 8, '项目立项', null, 1, 'PROJECT_STATUS', 0, 0);
INSERT INTO s_code VALUES ('PRO_PURCHASE_TYPE_001', 1, '不确定', null, 1, 'PROJECT_PURCHASE_TYPE', 1, 0);
INSERT INTO s_code VALUES ('PRO_PURCHASE_TYPE_002', 2, '公开招标', null, 1, 'PROJECT_PURCHASE_TYPE', 1, 0);
INSERT INTO s_code VALUES ('PRO_PURCHASE_TYPE_003', 3, '邀请招标', null, 1, 'PROJECT_PURCHASE_TYPE', 1, 0);
INSERT INTO s_code VALUES ('PRO_PURCHASE_TYPE_004', 4, '竞争性谈判', null, 1, 'PROJECT_PURCHASE_TYPE', 1, 0);
INSERT INTO s_code VALUES ('PRO_PURCHASE_TYPE_005', 5, '直接赋予', null, 1, 'PROJECT_PURCHASE_TYPE', 1, 0);
INSERT INTO s_code VALUES ('RD_TYPE', 26, '研发类型', null, 0, 'ROOT', 0, 2);
INSERT INTO s_code VALUES ('RD_TYPE_NEW', 1, '研发项目', null, 1, 'RD_TYPE', 1, 0);
INSERT INTO s_code VALUES ('RD_TYPE_PRD', 2, '推广项目', null, 1, 'RD_TYPE', 1, 0);
INSERT INTO s_code VALUES ('SYS_AREA', 1, '所属区域', null, 0, 'ROOT', 0, 32);
INSERT INTO s_code VALUES ('SYS_AREA_23', 23, '江苏省', null, 1, 'SYS_AREA', 1, 0);
INSERT INTO s_code VALUES ('SYS_AREA_24', 24, '上海', null, 1, 'SYS_AREA', 1, 0);
INSERT INTO s_code VALUES ('SYS_AREA_25', 25, '内蒙古', null, 1, 'SYS_AREA', 1, 0);
INSERT INTO s_code VALUES ('SYS_AREA_27', 27, '深圳', null, 1, 'SYS_AREA', 1, 0);
INSERT INTO s_code VALUES ('SYS_AREA_34', 34, '宁夏', null, 1, 'SYS_AREA', 1, 0);
INSERT INTO s_code VALUES ('SYS_AREA_AHS', 5, '安徽省', null, 1, 'SYS_AREA', 1, 0);
INSERT INTO s_code VALUES ('SYS_AREA_BEIJING', 19, '北京', null, 1, 'SYS_AREA', 1, 0);
INSERT INTO s_code VALUES ('SYS_AREA_CHONGQING', 22, '重庆', null, 1, 'SYS_AREA', 1, 0);
INSERT INTO s_code VALUES ('SYS_AREA_FUJIAN', 12, '福建省', null, 1, 'SYS_AREA', 1, 0);
INSERT INTO s_code VALUES ('SYS_AREA_GDS', 8, '广东省', null, 1, 'SYS_AREA', 1, 0);
INSERT INTO s_code VALUES ('SYS_AREA_GXS', 9, '广西省', null, 1, 'SYS_AREA', 1, 0);
INSERT INTO s_code VALUES ('SYS_AREA_HAINAN', 11, '海南省', null, 1, 'SYS_AREA', 1, 0);
INSERT INTO s_code VALUES ('SYS_AREA_HEBEI', 18, '河北省', null, 1, 'SYS_AREA', 1, 0);
INSERT INTO s_code VALUES ('SYS_AREA_HNS', 6, '河南省', null, 1, 'SYS_AREA', 1, 0);
INSERT INTO s_code VALUES ('SYS_AREA_HUBEI', 16, '湖北省', null, 1, 'SYS_AREA', 1, 0);
INSERT INTO s_code VALUES ('SYS_AREA_HUNAN', 10, '湖南省', null, 1, 'SYS_AREA', 1, 0);
INSERT INTO s_code VALUES ('SYS_AREA_SHANDONG', 17, '山东省', null, 1, 'SYS_AREA', 1, 0);
INSERT INTO s_code VALUES ('SYS_AREA_SHANXI', 14, '陕西省', null, 1, 'SYS_AREA', 1,0);
INSERT INTO s_code VALUES ('SYS_AREA_SHANXIS', 15, '山西省', null, 1, 'SYS_AREA', 1, 0);
INSERT INTO s_code VALUES ('SYS_AREA_SICHUAN', 21, '四川省', null, 1, 'SYS_AREA', 1, 0);
INSERT INTO s_code VALUES ('SYS_AREA_TIANJIN', 20, '天津', null, 1, 'SYS_AREA', 1, 0);
INSERT INTO s_code VALUES ('SYS_AREA_ZJS', 7, '浙江省', null, 1, 'SYS_AREA', 1, 0);

-- ----------------------------
-- Records of s_function
-- ----------------------------
INSERT INTO s_function VALUES ('0', 99, -1, '运行维护', null, null, 1, '-1');
--运行维护 --> 系统管理
INSERT INTO s_function VALUES ('1', 1, 0, '系统管理', null, null, 1, '0');
INSERT INTO s_function VALUES ('10', 10, 1, '功能菜单', '/admin/function/index.do', null, 1, '1');
INSERT INTO s_function VALUES ('12', 12, 1, '代码管理', '/admin/code/index.do', 'CODE_ADD,CODE_EDIT,CODE_DEL', 1, '1');
INSERT INTO s_function VALUES ('13', 13, 1, '组织机构', '/admin/department/index.do', 'DEPT_ADD,DEPT_VIEW,DEPT_DEL,DEPT_EASE,DEPT_EDIT', 1, '1');
INSERT INTO s_function VALUES ('14', 14, 1, '系统用户', '/admin/user/index.do', 'USER_ADD,USER_DEL,USER_EASE,USER_EDIT', 1, '1');
INSERT INTO s_function VALUES ('15', 15, 1, '角色权限', '/admin/role/index.do', 'ROLE_ADD,ROLE_FUNC,ROLE_USER', 1, '1');
INSERT INTO s_function VALUES ('16', 16, 1, '活动用户', '/admin/activeuser/index.do', null, 1, '1');
INSERT INTO s_function VALUES ('17', 17, 1, '日志检查', '/admin/log/index.do', null, 1, '1');
INSERT INTO s_function VALUES ('9', 9, 1, '参数选项', '/admin/args/index.do', 'ARGS_SAVE', 1, '1');
--运行维护-->首页设置
INSERT INTO s_function VALUES ('3', 3, 0, '首页设置', null, null, 1, '0');
INSERT INTO s_function VALUES ('31', 31, 1, '上传LOGO', '/admin/home/logo.do', null, 1, '3');

--首页
INSERT INTO s_function VALUES ('101', 1, -1, '首页', null, null, 1, '-1');

INSERT INTO s_function VALUES ('1011', 1, 0, '业务模块一', null, null, 1, '101');
INSERT INTO s_function VALUES ('10111', 1, 1, '功能一', '/model1/index.do', null, 1, '1011');


-- ----------------------------
-- Records of s_pointer
-- ----------------------------
INSERT INTO s_pointer VALUES ('ARGS_SAVE', '更新选项', 1, 0, '9', '/admin/args/save.do');
INSERT INTO s_pointer VALUES ('CODE_ADD', '添加代码项', 1, 0, '12', '/admin/code/saveCode.do');
INSERT INTO s_pointer VALUES ('CODE_DEL', '删除代码项', 3, 0, '12', '/admin/code/deleteCodeInfo.do');
INSERT INTO s_pointer VALUES ('CODE_EDIT', '修改代码项', 2, 0, '12', '/admin/code/updateCode.do');
INSERT INTO s_pointer VALUES ('DEPT_ADD', '添加机构', 1, 0, '13', '/admin/department/save.do');
INSERT INTO s_pointer VALUES ('DEPT_DEL', '删除机构', 4, 0, '13', '/admin/department/deleteOrg.do');
INSERT INTO s_pointer VALUES ('DEPT_EASE', '彻底删除', 5, 0, '13', '/admin/department/easeOrg.do');
INSERT INTO s_pointer VALUES ('DEPT_EDIT', '编辑机构', 6, 0, '13', '/admin/department/edit.do');
INSERT INTO s_pointer VALUES ('DEPT_VIEW', '查看机构', 3, 0, '13', '/admin/department/show.do');
INSERT INTO s_pointer VALUES ('ROLE_ADD', '创建角色', 1, 0, '15', '/admin/role/createRole.do');
INSERT INTO s_pointer VALUES ('ROLE_FUNC', '设置功能', 2, 0, '15', '/admin/role/saveRoleFunc.do');
INSERT INTO s_pointer VALUES ('ROLE_USER', '设置用户', 3, 0, '15', '/admin/role/saveRoleUser.do');
INSERT INTO s_pointer VALUES ('USER_ADD', '添加用户', 1, 0, '14', '/admin/user/save.do');
INSERT INTO s_pointer VALUES ('USER_DEL', '删除用户', 2, 0, '14', '/admin/user/delete.do');
INSERT INTO s_pointer VALUES ('USER_EASE', '彻底删除用户', 3, 0, '14', '/admin/user/ease.do');
INSERT INTO s_pointer VALUES ('USER_EDIT', '编辑用户', 4, 0, '14', '/admin/user/edit.do');

